date,portfolio_pnl,equity
2022-01-03,0.0,1.0
2022-01-04,0.0,1.0
2022-01-05,-0.00024452527979286113,0.9997554747202071
2022-01-06,-0.0001514599182753598,0.9996040148019317
2022-01-07,7.311341287834407e-05,0.9996771282148101
2022-01-10,0.00014677129813500442,0.9998238995129451
2022-01-11,0.00045400069491954414,1.0002779002078648
2022-01-12,-0.0011421724806259118,0.9991357277272388
2022-01-13,-0.001020616717824886,0.9981151110094139
2022-01-14,-0.0012691462312579356,0.9968459647781559
2022-01-18,-0.0002613263779014875,0.9965846384002545
2022-01-19,0.0019953996446297976,0.9985800380448843
2022-01-20,0.004165291835618241,1.0027453298805025
2022-01-21,0.0017225827752227513,1.0044679126557252
2022-01-24,0.0002917746086556285,1.004759687264381
2022-01-25,0.0030106284068863232,1.0077703156712672
2022-01-26,0.0005810766420851095,1.0083513923133522
2022-01-27,-0.0009027422527164135,1.0074486500606359
2022-01-28,0.0011424901757365524,1.0085911402363725
2022-01-31,0.00015103476473734762,1.0087421750011099
2022-02-01,0.0017279833436584506,1.0104701583447682
2022-02-02,-0.0018494384751600043,1.0086207198696082
2022-02-03,-0.0005777565052823561,1.008042963364326
2022-02-04,0.0014589125769782429,1.0095018759413041
2022-02-07,-3.9680824782968525e-05,1.0094621951165212
2022-02-08,-0.000315226886692033,1.009146968229829
2022-02-09,-0.00020011828605383903,1.0089468499437753
2022-02-10,0.0020873497814270408,1.0110341997252024
2022-02-11,-0.0004654442978755358,1.0105687554273268
2022-02-14,-7.552011195298331e-05,1.0104932353153737
2022-02-15,8.669729963060085e-05,1.0105799326150045
2022-02-16,-0.0002313827657011496,1.0103485498493032
2022-02-17,2.470487798993197e-05,1.0103732547272932
2022-02-18,0.0004944460818000241,1.0108677008090932
2022-02-22,0.00019866582366332537,1.0110663666327566
2022-02-23,-0.001223192486831139,1.0098431741459255
2022-02-24,0.002566718891610598,1.012409893037536
2022-02-25,0.0021894627908066087,1.0145993558283426
2022-02-28,0.000856813201180559,1.0154561690295232
2022-03-01,-0.0032270674092370476,1.012229101620286
2022-03-02,-0.0005745976904980879,1.011654503929788
2022-03-03,0.0002102285195705211,1.0118647324493586
2022-03-04,-0.002278401737661875,1.0095863307116966
2022-03-07,-0.0010122133971941357,1.0085741173145026
2022-03-08,0.004055791982584631,1.0126299092970872
2022-03-09,0.0009823177233485858,1.0136122270204357
2022-03-10,-0.0023750928482566226,1.011237134172179
2022-03-11,-0.001255573429225931,1.0099815607429532
2022-03-14,0.0013445346503281747,1.0113260953932814
2022-03-15,0.0022868341221761756,1.0136129295154575
2022-03-16,0.0016934925136664774,1.0153064220291241
2022-03-17,-0.0028962471830967723,1.0124101748460272
2022-03-18,3.7656071743231274e-06,1.0124139404532015
2022-03-21,-0.0015657725134557985,1.0108481679397459
2022-03-22,0.0006142288436039642,1.0114623967833498
2022-03-23,-0.00044544277699370705,1.011016954006356
2022-03-24,-0.0015350349083267233,1.0094819190980293
2022-03-25,-0.003477994764116547,1.0060039243339127
2022-03-28,0.000594991201935906,1.0065989155358486
2022-03-29,0.0018312357767060977,1.0084301513125549
2022-03-30,-0.0021494542717785847,1.0062806970407763
2022-03-31,0.0013013296111161151,1.0075820266518922
2022-04-01,-0.003290530298585909,1.0042914963533063
2022-04-04,0.0026988644701039163,1.0069903608234103
2022-04-05,-0.0015234918896074713,1.0054668689338029
2022-04-06,-0.0018678803518731848,1.0035989885819296
2022-04-07,-0.0012269809316000936,1.0023720076503295
2022-04-08,-0.001910048466563282,1.0004619591837662
2022-04-11,0.0002041967639986446,1.000666155947765
2022-04-12,0.0006945119686228742,1.0013606679163878
2022-04-13,0.00103081976713306,1.002391487683521
2022-04-14,0.000151995811032454,1.0025434834945532
2022-04-18,0.0010571157751248128,1.0036005992696782
2022-04-19,0.002782364683802839,1.006382963953481
2022-04-20,-0.0013775864690848609,1.0050053774843961
2022-04-21,-0.0018066191670462653,1.0031987583173498
2022-04-22,0.0014698830811318117,1.0046686413984816
2022-04-25,-0.0002103507472304856,1.0044582906512511
2022-04-26,0.0008014502101822724,1.0052597408614334
2022-04-27,-0.0015317176675767412,1.0037280231938568
2022-04-28,-0.0007582111326021063,1.0029698120612547
2022-04-29,0.001159373001631694,1.0041291850628862
2022-05-02,-0.0004813034554420579,1.0036478816074441
2022-05-03,0.00018647907352723408,1.0038343606809714
2022-05-04,-0.00014113257598009056,1.0036932281049913
2022-05-05,-0.00033552798990541167,1.003357700115086
2022-05-06,-0.00014402973839699272,1.003213670376689
2022-05-09,0.0008489883170662399,1.004062658693755
2022-05-10,5.057425193042152e-05,1.0041132329456857
2022-05-11,-0.0001221195480789111,1.0039911133976067
2022-05-12,-0.0005764185751440314,1.0034146948224627
2022-05-13,0.0011082580749847035,1.0045229528974473
2022-05-16,-0.00041701452674652135,1.004105938370701
2022-05-17,0.00013081840498758716,1.0042367567756885
2022-05-18,-9.311129750693887e-05,1.0041436454781816
2022-05-19,7.815797050905473e-05,1.0042218034486905
2022-05-20,3.956552682000285e-05,1.0042613689755107
2022-05-23,0.00014060926045374116,1.0044019782359643
2022-05-24,-0.0010441547428025816,1.0033578234931617
2022-05-25,0.00039204747681447757,1.0037498709699761
2022-05-26,0.0010040545864832937,1.0047539255564595
2022-05-27,0.0001196636898413273,1.0048735892463008
2022-05-31,0.001667558079862005,1.0065411473261627
2022-06-01,0.00016011506769099605,1.0067012623938538
2022-06-02,-0.0001638564369304549,1.0065374059569234
2022-06-03,-0.000539179084062482,1.005998226872861
2022-06-06,-0.0005940824799346508,1.0054041443929262
2022-06-07,-0.0010102140575942908,1.004393930335332
2022-06-08,0.0008102874973865707,1.0052042178327185
2022-06-09,-0.001354983918132029,1.0038492339145866
2022-06-10,0.0012177568014629838,1.0050669907160494
2022-06-13,-0.003213017081882559,1.001853973634167
2022-06-14,-0.005163650299506594,0.9966903233346603
2022-06-15,0.0005084798936832673,0.9971988032283435
2022-06-16,-0.0023735855220507456,0.9948252177062928
2022-06-17,-0.0008111590897510203,0.9940140586165418
2022-06-21,0.002456955182552851,0.9964710137990946
2022-06-22,0.0004242623848996518,0.9968952761839943
2022-06-23,0.004158865253201461,1.0010541414371958
2022-06-24,0.0025195298561095218,1.0035736712933052
2022-06-27,0.0027746276129373875,1.0063482989062427
2022-06-28,0.00020989726353633532,1.006558196169779
2022-06-29,0.00041984969346821164,1.0069780458632471
2022-06-30,-0.0010156756045478848,1.0059623702586993
2022-07-01,-0.00017430752031529027,1.0057880627383842
2022-07-05,-0.00034062260062391666,1.0054474401377602
2022-07-06,-0.0014358392638689206,1.0040116008738913
2022-07-07,0.0015795186798454046,1.0055911195537366
2022-07-08,0.00020210449149547102,1.005793224045232
2022-07-11,-8.705472927326074e-05,1.0057061693159588
2022-07-12,0.00030054461180200676,1.0060067139277609
2022-07-13,0.00018842192544642772,1.0061951358532073
2022-07-14,0.0008642663100079825,1.0070594021632153
2022-07-15,0.000640319475208209,1.0076997216384234
2022-07-18,0.0002882494759343892,1.0079879711143578
2022-07-19,0.0006303305960348219,1.0086183017103927
2022-07-20,0.0004112359305731073,1.0090295376409657
2022-07-21,-0.0004669427969059326,1.0085625948440597
2022-07-22,-0.00042415830449414035,1.0081384365395658
2022-07-25,0.00038230267079609646,1.008520739210362
2022-07-26,0.0004345799291042709,1.008955319139466
2022-07-27,0.001176638063624072,1.0101319572030902
2022-07-28,-0.00023471791636082553,1.0098972392867294
2022-07-29,0.0007504064068841735,1.0106476456936135
2022-08-01,-0.0003515037851360953,1.0102961419084775
2022-08-02,0.0006272922105456197,1.010923434119023
2022-08-03,7.618120049132873e-06,1.0109310522390722
2022-08-04,0.0002603301936559272,1.011191382432728
2022-08-05,0.0004636898233148758,1.011655072256043
2022-08-08,0.0014205653967236374,1.0130756376527665
2022-08-09,-0.002590300322229846,1.0104853373305367
2022-08-10,-0.00021435364225816917,1.0102709836882786
2022-08-11,0.0006974494179271049,1.0109684331062057
2022-08-12,-0.0030875954443178566,1.0078808376618877
2022-08-15,-0.0021640324756925016,1.0057168051861953
2022-08-16,-0.00016219926887769414,1.0055546059173177
2022-08-17,-0.00020195468858382967,1.0053526512287339
2022-08-18,-0.0004342031284617819,1.004918448100272
2022-08-19,-0.0005889016066541927,1.0043295464936177
2022-08-22,0.0025890002915851078,1.0069185467852029
2022-08-23,0.0013804543968498806,1.0082990011820527
2022-08-24,-0.0004691143427820773,1.0078298868392708
2022-08-25,-0.0009439321247343651,1.0068859547145363
2022-08-26,0.002039511929208157,1.0089254666437446
2022-08-29,-0.0006652341329999305,1.0082602325107446
2022-08-30,0.0020383687557621473,1.0102986012665067
2022-08-31,0.0003368091540104452,1.0106354104205173
2022-09-01,-0.0001121707546232974,1.0105232396658939
2022-09-02,-0.0005139092968485864,1.0100093303690454
2022-09-06,2.198299161113035e-05,1.0100313133606564
2022-09-07,-6.459338277712046e-05,1.0099667199778792
2022-09-08,0.0007396766547542222,1.0107063966326335
2022-09-09,0.0002265035359358362,1.0109329001685694
2022-09-12,0.0005113505856875884,1.011444250754257
2022-09-13,-0.00017603788097482462,1.0112682128732822
2022-09-14,0.00019654392430677853,1.011464756797589
2022-09-15,0.00043701525383839314,1.0119017720514274
2022-09-16,0.0008022343652702348,1.0127040064166974
2022-09-19,8.351800887325253e-06,1.012712358217585
2022-09-20,0.00026991093058753677,1.0129822691481725
2022-09-21,-0.0008521060739372272,1.0121301630742352
2022-09-22,0.00034603845443802216,1.0124762015286732
2022-09-23,-0.0016284297704662614,1.010847771758207
2022-09-26,-0.004836953710068833,1.0060108180481382
2022-09-27,-0.004748434704149941,1.0012623833439882
2022-09-28,0.0014767561615816548,1.0027391395055698
2022-09-29,-0.008986344937957701,0.9937527945676121
2022-09-30,-0.006403811219190534,0.9873489833484216
2022-10-03,0.004727776267658524,0.9920767596160801
2022-10-04,0.0027377095340744726,0.9948144691501546
2022-10-05,-0.007333284922316059,0.9874811842278385
2022-10-06,-0.007597975254387066,0.9798832089734515
2022-10-07,-0.0038765689208852317,0.9760066400525662
2022-10-10,0.0012117589840986679,0.9772183990366649
2022-10-11,0.001909262335326115,0.979127661371991
2022-10-12,-0.005740707809705051,0.973386953562286
2022-10-13,0.005445299911324152,0.9788322534736101
2022-10-14,-0.00014567227793872012,0.9786865811956714
2022-10-17,0.004143874181694633,0.982830455377366
2022-10-18,0.002369383151254063,0.9851998385286201
2022-10-19,-0.0043519025943503774,0.9808479359342697
2022-10-20,-0.002128656501480507,0.9787192794327892
2022-10-21,0.001416596968716132,0.9801358764015053
2022-10-24,-0.0017707354799048238,0.9783651409216005
2022-10-25,0.004771269784994686,0.9831364107065952
2022-10-26,0.0003132137211637041,0.9834496244277589
2022-10-27,-0.0010026973391075143,0.9824469270886514
2022-10-28,-0.0005774921877079672,0.9818694349009435
2022-10-31,0.00038541794477752893,0.982254852845721
2022-11-01,-0.00021468793054260228,0.9820401649151783
2022-11-02,0.0006018146140664755,0.9826419795292448
2022-11-03,-0.0018616333812007599,0.9807803461480441
2022-11-04,0.0004052800083727718,0.9811856261564168
2022-11-07,-0.0009330054764901451,0.9802526206799267
2022-11-08,0.00023750131038290868,0.9804901219903096
2022-11-09,-0.0005311647455487252,0.9799589572447609
2022-11-10,0.003260302064855937,0.9832192593096168
2022-11-11,0.0008899202252894223,0.9841091795349063
2022-11-14,-0.0041488373068333155,0.9799603422280729
2022-11-15,0.00028539897892278384,0.9802457412069957
2022-11-16,0.0006730374749656619,0.9809187786819613
2022-11-17,-0.0009890534099795292,0.9799297252719819
2022-11-18,-0.0011621670101258483,0.978767558261856
2022-11-21,-0.0014143093384585087,0.9773532489233975
2022-11-22,-0.00020869462556114262,0.9771445542978363
2022-11-23,1.7156050350534093e-06,0.9771462699028713
2022-11-25,0.00018880240305660628,0.977335072305928
2022-11-28,-0.0005263323292555088,0.9768087399766725
2022-11-29,-0.0006671023118273051,0.9761416376648452
2022-11-30,-0.0007606442431646457,0.9753809934216805
2022-12-01,0.0005721038866264022,0.9759530973083069
2022-12-02,0.0025594983920491877,0.9785125957003561
2022-12-05,-0.0016245329554186896,0.9768880627449374
2022-12-06,-0.004343170871199868,0.9725448918737376
2022-12-07,0.00013304970219420328,0.9726779415759318
2022-12-08,-0.0012468384322599521,0.9714311031436718
2022-12-09,0.001983908980371891,0.9734150121240437
2022-12-12,3.339241761712e-05,0.9734484045416608
2022-12-13,-7.476790202115387e-05,0.9733736366396397
2022-12-14,0.0002742458208402567,0.97364788246048
2022-12-15,0.004820397960710299,0.9784682804211903
2022-12-16,0.00148297101416713,0.9799512514353573
2022-12-19,0.0010884625991807646,0.9810397140345382
2022-12-20,-0.0002445125822955197,0.9807952014522426
2022-12-21,-0.000514171921084682,0.9802810295311579
2022-12-22,7.717490617015451e-05,0.980358204437328
2022-12-23,-0.0003261027168465692,0.9800321017204815
2022-12-27,7.369719219488048e-05,0.9801057989126764
2022-12-28,0.0007485847102804226,0.9808543836229568
2022-12-29,-0.0003758353410265321,0.9804785482819303
2022-12-30,0.0007576515905119958,0.9812361998724423
2023-01-03,-0.0019902849167425683,0.9792459149556997
2023-01-04,-0.000736341695897917,0.9785095732598018
2023-01-05,0.0016146137927112545,0.980124187052513
2023-01-06,6.045952889208209e-05,0.9801846465814051
2023-01-09,0.0017673365840465923,0.9819519831654517
2023-01-10,-0.0007360531562651167,0.9812159300091866
2023-01-11,0.0001720363558518044,0.9813879663650384
2023-01-12,-0.001315401052304026,0.9800725653127343
2023-01-13,7.455052020005044e-05,0.9801471158329345
2023-01-17,-9.381844035937925e-05,0.9800532973925751
2023-01-18,-0.00023577671180253156,0.9798175206807725
2023-01-19,0.001331700405939772,0.9811492210867123
2023-01-20,-0.0008778393468659099,0.9802713817398464
2023-01-23,-0.00036058467760607607,0.9799107970622403
2023-01-24,0.0016144116063799376,0.9815252086686203
2023-01-25,-5.2312770832418386e-05,0.9814728958977879
2023-01-26,-0.0009137708989369962,0.9805591249988508
2023-01-27,0.0018486908004718724,0.9824078157993227
2023-01-30,0.0012320941675946723,0.9836399099669174
2023-01-31,9.592791123377645e-06,0.9836495027580408
2023-02-01,0.0026988444068415207,0.9863483471648823
2023-02-02,0.0006907583450911885,0.9870391055099734
2023-02-03,0.00032876943628845764,0.9873678749462619
2023-02-06,0.003000375431221642,0.9903682503774835
2023-02-07,0.0002862670075511809,0.9906545173850347
2023-02-08,0.0006700260302139586,0.9913245434152487
2023-02-09,-0.0024783037294836127,0.9888462396857651
2023-02-10,0.004056205896318714,0.9929024455820838
2023-02-13,-0.0010263648374300703,0.9918760807446537
2023-02-14,-0.001358745113587704,0.990517335631066
2023-02-15,0.0004062653057469702,0.990923600936813
2023-02-16,0.00023568062480369323,0.9911592815616167
2023-02-17,0.0025564785156269023,0.9937157600772436
2023-02-21,-0.0008732264406737186,0.9928425336365698
2023-02-22,-0.0008457536328947431,0.9919967800036751
2023-02-23,-0.0010095263967305021,0.9909872536069446
2023-02-24,-0.00047601028272966294,0.9905112433242149
2023-02-27,-0.0011016839925670817,0.9894095593316479
2023-02-28,-0.0008338442815414062,0.9885757150501064
2023-03-01,-0.002168531353081175,0.9864071836970253
2023-03-02,0.0030491855030554175,0.9894563692000807
2023-03-03,0.0019587287713363705,0.9914150979714171
2023-03-06,0.00026916763616269626,0.9916842656075798
2023-03-07,-0.002353569630268292,0.9893306959773115
2023-03-08,0.0009893853045060367,0.9903200812818176
2023-03-09,-0.0017312141476932602,0.9885888671341243
2023-03-10,-0.0022960543272551293,0.9862928128068691
2023-03-13,0.0004927484037646454,0.9867855612106338
2023-03-14,-0.0022721617678589994,0.9845133994427748
2023-03-15,0.003165903872106769,0.9876793033148815
2023-03-16,-0.0003158067285389217,0.9873634965863426
2023-03-17,-0.000658078452408598,0.9867054181339341
2023-03-20,0.000455945516885123,0.9871613636508192
2023-03-21,0.001999996772094825,0.989161360422914
2023-03-22,-0.0010361615619241603,0.9881251988609898
2023-03-23,-0.0020087702330828417,0.9861164286279069
2023-03-24,0.004802947358651584,0.9909193759865585
2023-03-27,0.0016638322604718057,0.9925832082470304
2023-03-28,0.0011240127328267558,0.9937072209798571
2023-03-29,0.0004937051292392124,0.9942009261090964
2023-03-30,-4.86284105336964e-05,0.9941522976985626
2023-03-31,-0.0002890919028985548,0.9938632057956641
2023-04-03,0.00048196006122697106,0.994345165856891
2023-04-04,0.0004882870186464266,0.9948334528755375
2023-04-05,-0.000623080406949152,0.9942103724685883
2023-04-06,0.001443051922711984,0.9956534243913003
2023-04-10,0.0008105580445686351,0.996463982435869
2023-04-11,-0.001470061316728337,0.9949939211191406
2023-04-12,-0.0003185873771480199,0.9946753337419926
2023-04-13,0.00024496248510003587,0.9949202962270927
2023-04-14,0.0029312929557988015,0.9978515891828914
2023-04-17,0.00040649898509468186,0.9982580881679861
2023-04-18,0.0005825694761854188,0.9988406576441715
2023-04-19,-0.0003529720516208838,0.9984876855925506
2023-04-20,-0.0010885395443208908,0.9973991460482298
2023-04-21,-0.0014079515877013509,0.9959911944605284
2023-04-24,1.2635921503453878e-05,0.9960038303820319
2023-04-25,-0.0009058640255944618,0.9950979663564374
2023-04-26,0.0035850822682783395,0.9986830486247158
2023-04-27,-0.0007780091118715446,0.9979050395128441
2023-04-28,0.0011318217588862024,0.9990368612717304
2023-05-01,-0.0009273024007925662,0.9981095588709379
2023-05-02,-0.0010272418032816367,0.9970823170676562
2023-05-03,-0.0010106570367181932,0.996071660030938
2023-05-04,-0.00034767814058199226,0.995723981890356
2023-05-05,0.0003012244411652437,0.9960252063315213
2023-05-08,-0.0003923870995794444,0.9956328192319418
2023-05-09,-0.000608258051903644,0.9950245611800381
2023-05-10,0.0003991634042750136,0.9954237245843132
2023-05-11,-0.000813976327355343,0.9946097482569578
2023-05-12,-0.00010505556288767873,0.9945046926940702
2023-05-15,0.002155785977518704,0.9966604786715889
2023-05-16,-0.0036942640626994767,0.9929662146088893
2023-05-17,0.0021804101919084794,0.9951466248007979
2023-05-18,-0.0009497979029555308,0.9941968268978424
2023-05-19,-0.0014099244852357675,0.9927869024126066
2023-05-22,0.00033112913431032745,0.9931180315469169
2023-05-23,-0.0005120826760429976,0.9926059488708739
2023-05-24,-0.003697795645170438,0.9889081532257035
2023-05-25,-0.0026134537422174975,0.9862946994834859
2023-05-26,-0.0019625110553655204,0.9843321884281204
2023-05-30,-0.0007887472143477199,0.9835434412137727
2023-05-31,0.0009914546007659185,0.9845348958145387
2023-06-01,-0.002022317308352055,0.9825125785061866
2023-06-02,0.00410502116076666,0.9866175996669533
2023-06-05,0.0016929591054899867,0.9883105587724432
2023-06-06,-0.00015995331633013218,0.9881506054561131
2023-06-07,0.004181513701831524,0.9923321191579446
2023-06-08,-0.00047912239286297345,0.9918529967650817
2023-06-09,-0.0006717130255920278,0.9911812837394897
2023-06-12,0.0006180762981332796,0.9917993600376229
2023-06-13,-0.0004702977442876942,0.9913290622933352
2023-06-14,-0.00019469899982415322,0.991134363293511
2023-06-15,0.002027444515428278,0.9931618078089394
2023-06-16,0.0010850748049780546,0.9942468826139174
2023-06-20,-0.0002170459972874373,0.9940298366166299
2023-06-21,0.00041644776808411277,0.994446284384714
2023-06-22,0.00047805914511786886,0.994924343529832
2023-06-23,-0.0001142808992336588,0.9948100626305982
2023-06-26,0.0002898738097894243,0.9950999364403877
2023-06-27,5.243387945453046e-06,0.9951051798283331
2023-06-28,-0.0004248614027819123,0.9946803184255513
2023-06-29,9.543912493263014e-05,0.9947757575504839
2023-06-30,-7.077037217647135e-05,0.9947049871783074
2023-07-03,0.0003169621910281234,0.9950219493693355
2023-07-05,0.00024576605247335223,0.9952677154218089
2023-07-06,-0.00021449270957592785,0.995053222712233
2023-07-07,-7.265752665963134e-05,0.9949805651855733
2023-07-10,-0.00045296640187125894,0.9945275987837021
2023-07-11,0.0003148053398096339,0.9948424041235117
2023-07-12,-0.0007876851766421244,0.9940547189468696
2023-07-13,-0.002425946737945852,0.9916287722089238
2023-07-14,-0.0015072942826308527,0.9901214779262929
2023-07-17,0.001645279501900993,0.9917667574281939
2023-07-18,-0.00030331486960636045,0.9914634425585875
2023-07-19,0.005664840684588103,0.9971282832431756
2023-07-20,0.0017887819917376366,0.9989170652349132
2023-07-21,0.00046627025600465044,0.9993833354909178
2023-07-24,-0.0001516153488015099,0.9992317201421164
2023-07-25,-0.00011179574018058781,0.9991199244019358
2023-07-26,-0.0001524633086762024,0.9989674610932596
2023-07-27,0.0018104469272421492,1.0007779080205017
2023-07-28,-0.0011964650921356074,0.9995814429283661
2023-07-31,0.0009160875725907805,1.000497530500957
2023-08-01,0.00201548853950408,1.002513019040461
2023-08-02,-0.0004664245215138629,1.0020465945189472
2023-08-03,-0.0005246804011869586,1.0015219141177603
2023-08-04,-0.0019934758476680857,0.9995284382700921
2023-08-07,-0.0011618932882265778,0.9983665449818655
2023-08-08,-0.00038317528003609715,0.9979833697018294
2023-08-09,0.001036164961120017,0.9990195346629495
2023-08-10,0.0007148387437667216,0.9997343734067161
2023-08-11,-0.0012813674113326054,0.9984530059953836
2023-08-14,-0.0016396941591500396,0.9968133118362335
2023-08-15,-0.0012779308080274974,0.995535381028206
2023-08-16,-3.5706710885166454e-05,0.9954996743173209
2023-08-17,0.0006747377701756429,0.9961744120874965
2023-08-18,0.0005181271048870286,0.9966925391923835
2023-08-21,-0.0003259523693097248,0.9963665868230738
2023-08-22,-0.0010589537801421144,0.9953076330429317
2023-08-23,0.0007692648422054917,0.9960768978851372
2023-08-24,-0.0005484260133088308,0.9955284718718284
2023-08-25,0.0002221638784850957,0.9957506357503134
2023-08-28,0.0015382008574869066,0.9972888366078003
2023-08-29,0.001471179240467477,0.9987600158482678
2023-08-30,-0.0005273176661657345,0.998232698182102
2023-08-31,-0.0009115452391780034,0.9973211529429241
2023-09-01,-0.00173380890184728,0.9955873440410768
2023-09-05,-8.222249902447945e-05,0.9955051215420523
2023-09-06,-0.0010641304712882215,0.9944409910707641
2023-09-07,-0.00035257143175505216,0.9940884196390091
2023-09-08,0.0004593849636001016,0.9945478046026092
2023-09-11,-0.0006775431759147306,0.9938702614266944
2023-09-12,0.0030123163405167117,0.9968825777672111
2023-09-13,0.0020104130400004742,0.9988929908072116
2023-09-14,-0.0005525916228871506,0.9983403991843245
2023-09-15,0.0004273564035837879,0.9987677555879082
2023-09-18,-0.0024526677089092225,0.996315087878999
2023-09-19,8.628716597643684e-05,0.9964013750449755
2023-09-20,-0.0007380256196723508,0.9956633494253031
2023-09-21,-0.0014661530040479714,0.9941971964212551
2023-09-22,-0.0008975753863019689,0.9932996210349532
2023-09-25,-0.0002713667624711459,0.993028254272482
2023-09-26,0.00031807773784384445,0.9933463320103258
2023-09-27,-0.0005206763005032706,0.9928256557098226
2023-09-28,-0.002417272990936226,0.9904083827188863
2023-09-29,0.0034904070833699273,0.9938987898022563
2023-10-02,-0.005368342609797957,0.9885304471924583
2023-10-03,0.0013957882297644959,0.9899262354222228
2023-10-04,9.291607359074304e-05,0.9900191514958135
2023-10-05,-0.004932313840649471,0.9850868376551641
2023-10-06,0.002929653523218781,0.9880164911783829
2023-10-09,0.0022835410769149285,0.9903000322552978
2023-10-10,0.0014228636400469708,0.9917228958953448
2023-10-11,0.0007339786123185594,0.9924568745076633
2023-10-12,-0.004761603547226712,0.9876952709604366
2023-10-13,-0.0004379551155133526,0.9872573158449233
2023-10-16,0.001295317893602856,0.9885526337385261
2023-10-17,-0.0008782734688114453,0.9876743602697147
2023-10-18,-0.0023328123502371592,0.9853415479194775
2023-10-19,0.0015688156426476227,0.9869103635621251
2023-10-20,-0.0006042935312692027,0.9863060700308559
2023-10-23,-0.0003251491175966317,0.9859809209132593
2023-10-24,-0.00040487077348131973,0.985576050139778
2023-10-25,-0.0006424759957723396,0.9849335741440056
2023-10-26,0.001813049619348075,0.9867466237633538
2023-10-27,-0.0017001504262792108,0.9850464733370745
2023-10-30,-0.0011144802976403552,0.9839319930394341
2023-10-31,8.265006476383075e-05,0.984014643104198
2023-11-01,-0.0017667813143033805,0.9822478617898946
2023-11-02,0.0034739074733035006,0.9857217692631981
2023-11-03,0.005937058811517944,0.9916588280747161
2023-11-06,0.0030546939991339538,0.99471352207385
2023-11-07,2.712993132641691e-05,0.9947406520051765
2023-11-08,0.0013246261989696476,0.996065278204146
2023-11-09,-0.0013311161784667197,0.9947341620256793
2023-11-10,-0.00020989620332279707,0.9945242658223565
2023-11-13,0.0034350697252600562,0.9979593355476166
2023-11-14,0.0012917305281575572,0.9992510660757742
2023-11-15,0.0005952797100706859,0.9998463457858449
2023-11-16,-0.0011950359415167672,0.998651309844328
2023-11-17,0.0004943638093423151,0.9991456736536704
2023-11-20,-0.0007728595193273224,0.9983728141343431
2023-11-21,-0.0006717728336739885,0.9977010413006691
2023-11-22,-6.0692271930352396e-05,0.9976403490287388
2023-11-24,0.0001490764233615262,0.9977894254521003
2023-11-27,-0.00010597338868354174,0.9976834520634167
2023-11-28,0.00020951715183760116,0.9978929692152543
2023-11-29,7.232979966458273e-05,0.9979652990149189
2023-11-30,-0.001163061551163856,0.9968022374637551
2023-12-01,0.0016300633121076043,0.9984323007758626
2023-12-04,-0.0006733701375889907,0.9977589306382737
2023-12-05,0.00032856048780604375,0.9980874911260798
2023-12-06,2.4446553106416478e-05,0.9981119376791862
2023-12-07,9.257179774315203e-05,0.9982045094769293
2023-12-08,-0.00011496125219755039,0.9980895482247317
2023-12-11,0.0007779980141456898,0.9988675462388774
2023-12-12,0.0009336226629091399,0.9998011689017866
2023-12-13,0.00029467920924771096,1.0000958481110342
2023-12-14,-0.003263640148057248,0.996832207962977
2023-12-15,0.00019970678783892947,0.997031914750816
2023-12-18,0.0014237921776552153,0.9984557069284712
2023-12-19,-3.5961841510936844e-05,0.9984197450869602
2023-12-20,0.0012767707807354773,0.9996965158676957
2023-12-21,-0.0005724347289588969,0.9991240811387369
2023-12-22,-0.00013783692812565574,0.9989862442106111
2023-12-26,-0.000631877198733237,0.998354367011878
2023-12-27,-0.000125606481815749,0.9982287605300622
2023-12-28,0.00025831028275648146,0.9984870708128186
2023-12-29,0.0009071622786690027,0.9993942330914877
2024-01-02,-5.817477664712501e-05,0.9993360583148405
2024-01-03,0.0018835439773732766,1.0012196022922137
2024-01-04,-0.00027508173615152965,1.0009445205560623
2024-01-05,-0.0006480715130081979,1.0002964490430541
2024-01-08,0.0001864487972143273,1.0004828978402684
2024-01-09,0.0007081955183844877,1.001191093358653
2024-01-10,0.0024244626698020242,1.003615556028455
2024-01-11,0.0022903342884013416,1.0059058903168563
2024-01-12,-0.0003475795652546416,1.0055583107516015
2024-01-16,-8.835458280399119e-05,1.0054699561687976
2024-01-17,-0.0005472369316364207,1.0049227192371613
2024-01-18,0.0003480531856642299,1.0052707724228254
2024-01-19,-0.0010331625706178215,1.0042376098522077
2024-01-22,-0.00036898198906183216,1.0038686278631457
2024-01-23,0.0008360798338529831,1.0047047076969988
2024-01-24,-0.0012834864647268051,1.003421221232272
2024-01-25,0.0030209613987757173,1.0064421826310477
2024-01-26,-0.00016257949937435747,1.0062796031316734
2024-01-29,0.00016310368989428862,1.0064427068215676
2024-01-30,-0.0001339219536762607,1.0063087848678913
2024-01-31,-0.0008850610805939894,1.0054237237872974
2024-02-01,0.001948947732202312,1.0073726715194997
2024-02-02,-0.0020932535746405034,1.0052794179448592
2024-02-05,-0.0021376189742210758,1.0031417989706382
2024-02-06,0.0009077252717519925,1.0040495242423901
2024-02-07,-0.00027720711606144416,1.0037723171263286
2024-02-08,-0.001043852295018497,1.0027284648313102
2024-02-09,0.00031242520260589324,1.003040890033916
2024-02-12,0.0018939678999575465,1.0049348579338735
2024-02-13,-0.00046524613600566376,1.004469611797868
2024-02-14,0.00019283194371037357,1.0046624437415783
2024-02-15,-0.0004626385767286423,1.0041998051648497
2024-02-16,0.0004263664960769387,1.0046261716609266
2024-02-20,-0.00036801420228583224,1.0042581574586407
2024-02-21,0.0005290982362060299,1.0047872556948467
2024-02-22,-0.001787796687615941,1.0029994590072309
2024-02-23,-0.00030651214408898293,1.0026929468631418
2024-02-26,0.00135113269840959,1.0040440795615515
2024-02-27,-0.005280990903572682,0.9987630886579788
2024-02-28,-0.000568669744714975,0.9981944189132638
2024-02-29,-0.0024259017295005488,0.9957685171837632
2024-03-01,0.005967145919650631,1.0017356631034138
2024-03-04,0.0019413528597202695,1.003677015963134
2024-03-05,0.0015186043340522225,1.0051956202971863
2024-03-06,9.240771132750804e-05,1.005288028008514
2024-03-07,-0.0001719892764931862,1.0051160387320206
2024-03-08,0.0012013051448346622,1.0063173438768553
2024-03-11,0.0011905631798101942,1.0075079070566655
2024-03-12,-0.0001807113455306083,1.007327195711135
2024-03-13,0.00017672935975088222,1.0075039250708857
2024-03-14,0.0006880623840605454,1.0081919874549463
2024-03-15,-0.0012615580750345702,1.0069304293799117
2024-03-18,-0.0010289658208108804,1.0059014635591008
2024-03-19,0.0004282668784811973,1.006329730437582
2024-03-20,0.00021096036257587926,1.006540690800158
2024-03-21,0.0006365183016040438,1.0071772091017621
2024-03-22,-0.0003587200719640486,1.006818489029798
2024-03-25,-0.00043138272373551115,1.0063871063060625
2024-03-26,0.0008571911990775572,1.00724429750514
2024-03-27,0.00026219715450915085,1.0075064946596493
2024-03-28,-0.0003019158501840231,1.0072045788094652
2024-04-01,-7.484768777089267e-05,1.0071297311216942
2024-04-02,-0.001581064062897422,1.0055486670587968
2024-04-03,-0.0004454155425667853,1.0051032515162301
2024-04-04,0.0005307033646806097,1.0056339548809106
2024-04-05,-0.0006878786099084653,1.0049460762710023
2024-04-08,0.0009392425255827635,1.005885318796585
2024-04-09,0.0010224082070312286,1.0069077270036162
2024-04-10,-0.000523627186696814,1.0063840998169193
2024-04-11,3.866425433734385e-05,1.0064227640712566
2024-04-12,0.0008446928343970332,1.0072674569056537
2024-04-15,-1.0110835699351064e-05,1.0072573460699543
2024-04-16,-0.000995535602984211,1.0062618104669703
2024-04-17,0.0022769773610268776,1.008538787827997
2024-04-18,0.003464780083773299,1.0120035679117705
2024-04-19,0.0015966693307699193,1.0136002372425403
2024-04-22,-0.0012425633186055264,1.0123576739239348
2024-04-23,-0.0016092989194557846,1.010748375004479
2024-04-24,-0.001110128349571439,1.0096382466549076
2024-04-25,0.0009092704592001841,1.0105475171141076
2024-04-26,0.0010602167929182433,1.011607733907026
2024-04-29,-0.0015446517481023552,1.0100630821589236
2024-04-30,0.0011827127793799786,1.0112457949383036
2024-05-01,-0.0006200017564888391,1.0106257931818148
2024-05-02,-0.00012504011914833807,1.0105007530626664
2024-05-03,-0.000679084262829802,1.0098216687998367
2024-05-06,-0.0001388431933108795,1.0096828256065258
2024-05-07,-0.0019929471809169,1.0076898784256088
2024-05-08,-0.0007385458090428252,1.006951332616566
2024-05-09,-0.0017496037231318265,1.0052017288934343
2024-05-10,-0.002358070717831172,1.002843658175603
2024-05-13,0.00038714986510531783,1.0032308080407084
2024-05-14,0.0004788214441437279,1.003709629484852
2024-05-15,-0.001474176273668081,1.002235453211184
2024-05-16,-0.0010219845762012697,1.0012134686349827
2024-05-17,-0.001186638194357141,1.0000268304406255
2024-05-20,0.0007984437343257074,1.0008252741749513
2024-05-21,-0.0005683974967845057,1.0002568766781668
2024-05-22,0.00020282189570709945,1.0004596985738738
2024-05-23,0.0036090476569942756,1.0040687462308682
2024-05-24,-0.00178524999266908,1.002283496238199
2024-05-28,0.00034419802128650846,1.0026276942594856
2024-05-29,0.0002816804401030039,1.0029093746995885
2024-05-30,-0.0008383939567157539,1.002070980742873
2024-05-31,-0.0010929472848028418,1.00097803345807
2024-06-03,0.0004189775612327889,1.0013970110193027
2024-06-04,0.0006085402826144068,1.0020055513019173
2024-06-05,0.0008381666789161501,1.0028437179808334
2024-06-06,0.000404115081635383,1.0032478330624688
2024-06-07,-0.0004123270526685688,1.0028355060098002
2024-06-10,-0.0006960775934634292,1.0021394284163367
2024-06-11,0.0010695396864625415,1.0032089681027994
2024-06-12,-0.00011086273220079732,1.0030981053705985
2024-06-13,-0.00017773292883480345,1.0029203724417637
2024-06-14,0.0009562150935786517,1.0038765875353424
2024-06-17,-7.042336106107053e-05,1.0038061641742813
2024-06-18,-0.0004890573483275379,1.0033171068259537
2024-06-20,0.0008870692784521026,1.0042041761044058
2024-06-21,-0.0006535992297308421,1.0035505768746749
2024-06-24,0.0005505397152843264,1.0041011165899594
2024-06-25,0.00019617200407848358,1.0042972885940378
2024-06-26,0.0009536953325694107,1.0052509839266073
2024-06-27,0.0003761684954186046,1.0056271524220257
2024-06-28,-0.0010702092286847722,1.004556943193341
2024-07-01,-0.002065082135858493,1.0024918610574824
2024-07-02,0.0006332028743395397,1.003125063931822
2024-07-03,0.0013239771890713732,1.0044490411208935
2024-07-05,-0.0002821852169228542,1.0041668559039705
2024-07-08,0.00011172313241265068,1.0042785790363833
2024-07-09,-0.001028538826598373,1.0032500402097848
2024-07-10,0.001420530799611964,1.0046705710093968
2024-07-11,0.0029000271221039276,1.0075705981315008
2024-07-12,0.002021677231789497,1.0095922753632902
2024-07-15,-0.001745926963061834,1.0078463484002285
2024-07-16,-0.0012580976092210693,1.0065882507910073
2024-07-17,-0.0027869173912281205,1.0038013333997793
2024-07-18,-0.00012971258166276752,1.0036716208181165
2024-07-19,0.0005079739265237382,1.0041795947446401
2024-07-22,-0.001410127970066643,1.0027694667745735
2024-07-23,-0.0007064675573684082,1.0020629992172052
2024-07-24,0.0007116364081745031,1.0027746356253797
2024-07-25,0.0008203096266999897,1.0035949452520796
2024-07-26,-0.0005743999613768223,1.0030205452907028
2024-07-29,-0.001041541066280606,1.001979004224422
2024-07-30,-0.0013003806224749866,1.0006786236019471
2024-07-31,0.0010684476889276284,1.001747071290875
2024-08-01,-0.002799264114987561,0.9989478071758873
2024-08-02,-0.0013569322242526641,0.9975908749516346
2024-08-05,0.0070331702596670475,1.0046240452113016
2024-08-06,0.00038853320878308873,1.0050125784200847
2024-08-07,-0.002426051484245131,1.0025865269358396
2024-08-08,0.0034420588746358733,1.0060285858104754
2024-08-09,-0.00017888894277356138,1.005849696867702
2024-08-12,0.001035165079599489,1.0068848619473014
2024-08-13,-0.0008690769171862097,1.0060157850301152
2024-08-14,-0.00041199756528959486,1.0056037874648256
2024-08-15,0.0009653342473502012,1.0065691217121757
2024-08-16,-0.0010396269682817828,1.005529494743894
2024-08-19,-0.0006986095133878682,1.0048308852305061
2024-08-20,-9.276574724607686e-05,1.00473811948326
2024-08-21,0.0003568083973806062,1.0050949278806407
2024-08-22,-0.0007307194728303485,1.0043642084078104
2024-08-23,0.00018833146673707883,1.0045525398745474
2024-08-26,-0.0008363155409163179,1.003716224333631
2024-08-27,2.3159966545453174e-05,1.0037393843001765
2024-08-28,-0.000392119220728705,1.003347265079448
2024-08-29,-0.0011284399372123216,1.0022188251422355
2024-08-30,-0.00043252845785691173,1.0017862966843787
2024-09-03,-0.001999941777611986,0.9997863549067666
2024-09-04,-0.002032166194347307,0.9977541887124193
2024-09-05,-0.00016840307764304127,0.9975857856347763
2024-09-06,0.0015759436503957913,0.9991617292851721
2024-09-09,-0.002995640425478377,0.9961660888596937
2024-09-10,-0.0003683806443185978,0.995797708215375
2024-09-11,0.002698790824669336,0.9984964990400444
2024-09-12,-0.0009423712652531516,0.9975541277747912
2024-09-13,-0.00308974641285621,0.994464381361935
2024-09-16,-0.002556274024502839,0.9919081073374323
2024-09-17,0.0016033762954066743,0.9935114836328389
2024-09-18,0.0021653012596712703,0.9956767848925102
2024-09-19,0.0026959955326774196,0.9983727804251876
2024-09-20,-0.0025144286279529756,0.9958583517972346
2024-09-23,-0.0009104075306860044,0.9949479442665486
2024-09-24,0.000616244637709729,0.9955641889042584
2024-09-25,-0.0010615299382434867,0.9945026589660149
2024-09-26,0.002342459383368774,0.9968451183493836
2024-09-27,-0.000643434586617197,0.9962016837627664
2024-09-30,-0.0001634090576012109,0.9960382747051653
2024-10-01,-0.0005191542481558365,0.9955191204570094
2024-10-02,-0.0011877763150906703,0.9943313441419187
2024-10-03,0.0008131882386324552,0.9951445323805512
2024-10-04,-0.0006634359343582755,0.9944810964461929
2024-10-07,0.0014104104405816423,0.9958915068867745
2024-10-08,0.00011318605002814285,0.9960046929368027
2024-10-09,-0.00042726919398069634,0.995577423742822
2024-10-10,0.00017671664456874605,0.9957541403873907
2024-10-11,-0.0004587613201876873,0.995295379067203
2024-10-14,0.0005559633975521958,0.9958513424647553
2024-10-15,0.0014521872311912022,0.9973035296959465
2024-10-16,0.0024873933133975736,0.999790923009344
2024-10-17,0.0009457242722948849,1.0007366472816388
2024-10-18,0.0008932029008248582,1.0016298501824639
2024-10-21,-0.00012917036908901042,1.0015006798133748
2024-10-22,-9.080390802056299e-05,1.0014098759053542
2024-10-23,-0.00360812893592166,0.9978017469694326
2024-10-24,0.0004141483059257302,0.9982158952753583
2024-10-25,0.002208452120840011,1.0004243473961982
2024-10-28,-0.0009898831681796317,0.9994344642280186
2024-10-29,0.0005835221623878728,1.0000179863904066
2024-10-30,9.594069728044734e-05,1.0001139270876869
2024-10-31,-0.0010137850989298852,0.9991001419887571
2024-11-01,0.00047616438200127984,0.9995763063707583
2024-11-04,0.00015030123351195544,0.9997266076042703
2024-11-05,-0.00015834426384431853,0.999568263340426
2024-11-06,-0.006296626360498436,0.9932716369799276
2024-11-07,0.0002899126504858484,0.9935615496304134
2024-11-08,1.8199904152078012e-05,0.9935797495345655
2024-11-11,-0.0034671701601585625,0.9901125793744069
2024-11-12,-0.0001568386568300005,0.989955740717577
2024-11-13,0.0018103452043077796,0.9917660859218846
2024-11-14,0.0023665846705476492,0.9941326705924324
2024-11-15,0.0011938464147838196,0.9953265170072162
2024-11-18,-0.0004750275931212056,0.994851489414095
2024-11-19,-0.000997977743868367,0.9938535116702266
2024-11-20,-0.00039167739755410595,0.9934618342726725
2024-11-21,-0.0008263990926594634,0.9926354351800131
2024-11-22,1.554986416283057e-05,0.9926509850441758
2024-11-25,0.0012015465552638277,0.9938525315994396
2024-11-26,-0.0007571148563558746,0.9930954167430838
2024-11-27,0.00020622509730225622,0.993301641840386
2024-11-29,-0.0003392735550778301,0.9929623682853083
2024-12-02,0.002674555554951466,0.9956369238402597
2024-12-03,-0.0003381422774441341,0.9952987815628156
2024-12-04,0.00016805387167252408,0.9954668354344881
2024-12-05,0.000364250997746926,0.9958310864322351
2024-12-06,0.00021021381549774746,0.9960413002477327
2024-12-09,0.000935817921138703,0.9969771181688715
2024-12-10,-0.001260759169256717,0.9957163589996147
2024-12-11,-0.0009854002111537136,0.9947309587884611
2024-12-12,-0.000420829721120546,0.9943101290673405
2024-12-13,0.0006804681605071065,0.9949905972278476
2024-12-16,-0.0009033633405500373,0.9940872338872976
2024-12-17,0.00036316799522823296,0.9944504018825258
2024-12-18,-0.0003533543358384063,0.9940970475466874
2024-12-19,0.00010799141528163963,0.994205038961969
2024-12-20,0.0011500267071168373,0.9953550656690858
2024-12-23,-0.00030561398488649884,0.9950494516841993
2024-12-24,-0.0007803651229136153,0.9942690865612858
2024-12-26,6.173681591297052e-05,0.9943308233771987
2024-12-27,0.0006931510253485732,0.9950239744025473
2024-12-30,-9.238627039915158e-05,0.9949315881321481
2024-12-31,0.0007418417651148409,0.9956734298972629
2025-01-02,-0.00021012724971315876,0.9954633026475498
2025-01-03,-1.1529993050281431e-05,0.9954517726544996
2025-01-06,0.0003183216099736573,0.9957700942644732
2025-01-07,-5.5655897735187995e-05,0.995714438366738
2025-01-08,3.3458809088508265e-05,0.9957478971758266
2025-01-10,-0.001260060147375057,0.9944878370284514
2025-01-13,0.00010711583586248966,0.994594952864314
2025-01-14,0.00011394868711067807,0.9947089015514247
2025-01-15,-0.00017286585034957883,0.9945360357010751
2025-01-16,-0.0009725130866999668,0.9935635226143751
2025-01-17,-0.00052155123369779,0.9930419713806773
2025-01-21,-0.0012725797219297428,0.9917693916587476
2025-01-22,0.00032011946596212674,0.9920895111247097
2025-01-23,0.00014046335333951028,0.9922299744780492
2025-01-24,0.0008611116933821164,0.9930910861714313
2025-01-27,0.0018231620450126843,0.994914248216444
2025-01-28,0.002278237608720603,0.9971924858251646
2025-01-29,0.002229742494286505,0.999422228319451
2025-01-30,-0.0007304407159925175,0.9986917876034586
2025-01-31,-0.00018750781291211315,0.9985042797905465
2025-02-03,-0.0026250025717598027,0.9958792772187867
2025-02-04,0.0041391947810233785,1.00001847199981
2025-02-05,-0.0035906441942074895,0.9964278278056026
2025-02-06,-0.0006134433888361854,0.9958143844167664
2025-02-07,-0.00035437847650723317,0.9954600059402592
2025-02-10,-0.0011676879306778045,0.9942923180095813
2025-02-11,-0.0003043153020645001,0.9939880027075169
2025-02-12,-0.0007512111618085327,0.9932367915457083
2025-02-13,0.002150192938929792,0.9953869844846381
2025-02-14,-0.0011348888473515222,0.9942520956372866
2025-02-18,-0.0013746837999611234,0.9928774118373255
2025-02-19,-0.0007453226792243773,0.992132089158101
2025-02-20,-0.00010599006475601574,0.992026099093345
2025-02-21,-0.0019509718670405291,0.9900751272263045
2025-02-24,-0.0013496940898059895,0.9887254331364985
2025-02-25,-0.00343767781963741,0.9852877553168611
2025-02-26,0.003513751135281832,0.9888015064521429
2025-02-27,0.00013980410910439784,0.9889413105612473
2025-02-28,-0.0003330395862576957,0.9886082709749897
2025-03-03,-0.004486199135458625,0.984122071839531
2025-03-04,0.004408440828869701,0.9885305126684008
2025-03-05,0.0019468707335342306,0.9904773834019349
2025-03-06,-0.0016250603814502063,0.9888523230204848
2025-03-07,-0.0025697461123024967,0.9862825769081822
2025-03-10,-0.003867348223970749,0.9824152286842115
2025-03-11,0.0020575303939769523,0.9844727590781884
2025-03-12,0.00282723447673899,0.9872999935549275
2025-03-13,-0.002181042328181942,0.9851189512267455
2025-03-14,-4.907989660941005e-05,0.9850698713301361
2025-03-17,-0.0012233585791053582,0.9838465127510307
2025-03-18,0.0005127695814872334,0.984359282332518
2025-03-19,0.0018206412162714734,0.9861799235487895
2025-03-20,-0.000630895849159696,0.9855490276996297
2025-03-21,0.0009917589830800342,0.9865407866827098
2025-03-24,0.000780340934896519,0.9873211276176063
2025-03-25,-0.0003379444075203944,0.9869831832100859
2025-03-26,0.0006560241148131474,0.9876392073248991
2025-03-27,-4.718590326467014e-05,0.9875920214216344
2025-03-28,0.0003605659435789727,0.9879525873652134
2025-03-31,0.0002872077164054275,0.9882397950816187
2025-04-01,-0.000156725965315203,0.9880830691163036
2025-04-02,0.0009198005421114322,0.989002869658415
2025-04-03,-0.004928998808295044,0.98407387085012
2025-04-04,0.008144830026055698,0.9922187008761757
2025-04-07,0.004559803983218123,0.9967785048593938
2025-04-08,-0.003314739828927136,0.9934637650304666
2025-04-09,0.01323980009929864,1.0067035651297653
2025-04-10,-0.004850190212292779,1.0018533749174725
2025-04-11,0.00046557960033718354,1.0023189545178097
2025-04-14,0.0025284848459437995,1.0048474393637534
2025-04-15,0.0005537378889822806,1.0054011772527358
2025-04-16,-0.00037746782376208,1.0050237094289738
2025-04-17,0.00041463116035041794,1.0054383405893241
2025-04-21,0.0007527741754126272,1.0061911147647367
2025-04-22,0.0007252807262067418,1.0069163954909435
2025-04-23,-0.00027079504589270435,1.0066456004450508
2025-04-24,4.457300920691679e-05,1.0066901734542577
2025-04-25,-0.0004553268740361711,1.0062348465802216
2025-04-28,0.0004755150194551696,1.0067103615996766
2025-04-29,0.0002845148595543451,1.0069948764592311
2025-04-30,-0.00020154521262132736,1.0067933312466097
2025-05-01,7.05733800578173e-05,1.0068639046266676
2025-05-02,0.00022761744737701214,1.0070915220740446
2025-05-05,-0.00023313734810768288,1.006858384725937
2025-05-06,0.0002238014450095025,1.0070821861709465
2025-05-07,-9.93309143713083e-06,1.0070722530795093
2025-05-08,-0.0007391711296059259,1.0063330819499032
2025-05-09,-9.078265672545115e-05,1.0062422992931779
2025-05-12,-0.002298043138821058,1.0039442561543568
2025-05-13,-0.0036579269991336605,1.000286329155223
2025-05-14,-0.0015231894811251084,0.998763139674098
2025-05-15,0.004962468346017743,1.0037256080201158
2025-05-16,0.0018646898965281287,1.005590297916644
2025-05-19,0.0012574042281923374,1.0068477021448363
2025-05-20,-0.000282155078036775,1.0065655470667996
2025-05-21,0.0032180686522330516,1.0097836157190325
2025-05-22,-0.00036194672216696293,1.0094216689968656
2025-05-23,-0.00029003125897570595,1.0091316377378898
2025-05-27,-0.0022534121259016474,1.0068782256119881
2025-05-28,0.001233637257057164,1.0081118628690453
2025-05-29,-0.0005348623546223933,1.007577000514423
2025-05-30,-0.0002728459076196611,1.0073041546068033
2025-06-02,-0.0006549081099846575,1.0066492464968186
2025-06-03,0.00010878035574960366,1.0067580268525682
2025-06-04,0.001745501774824132,1.0085035286273925
2025-06-05,-0.00047200431184596576,1.0080315243155464
2025-06-06,0.00018813473242165508,1.0082196590479682
2025-06-09,0.0001068592769618384,1.00832651832493
2025-06-10,-0.000704249436198088,1.0076222688887317
2025-06-11,-0.00025401121689858037,1.0073682576718332
2025-06-12,0.0015383262529439473,1.0089065839247773
2025-06-13,0.0010225985930197717,1.009929182517797
2025-06-16,-0.0022215335988600856,1.007707648918937
2025-06-17,3.311867834441949e-05,1.0077407675972814
2025-06-18,-0.0007036581201850915,1.0070371094770962
2025-06-20,0.00027452837099865905,1.0073116378480949
2025-06-23,-0.0030090953256102404,1.0043025425224847
2025-06-24,0.0014097408609561489,1.0057122833834409
2025-06-25,-0.0046461414149605055,1.0010661419684803
2025-06-26,0.0006011038428526692,1.001667245811333
2025-06-27,-0.0006499536524499738,1.001017292158883
2025-06-30,-0.0002746381292822633,1.0007426540296007
2025-07-01,-0.00018548441154845713,1.0005571696180522
2025-07-02,-0.004959599746304229,0.9955975698717481
2025-07-03,0.001198357987850037,0.996795927859598
2025-07-07,0.0003312819856043881,0.9971272098452024
2025-07-08,0.001646543063194916,0.9987737529083973
2025-07-09,-0.0029651895421185393,0.9958085633662789
2025-07-10,-0.0032472355773723546,0.9925613277889065
2025-07-11,0.0015111744630150997,0.9940725022519216
2025-07-14,0.0029631003672649092,0.9970356026191864
2025-07-15,-0.00012251072838696496,0.9969130918907995
2025-07-16,0.0002728033511083687,0.9971858952419079
2025-07-17,-0.0012161131779888964,0.995969782063919
2025-07-18,-0.001110615861913893,0.9948591662020051
2025-07-21,-0.0020867894381397484,0.9927723767638653
2025-07-22,-5.9782386647705665e-06,0.9927663985252005
2025-07-23,-0.000182319942999939,0.9925840785822007
2025-07-24,-0.0001707477503114146,0.9924133308318892
2025-07-25,-9.278519544829852e-05,0.9923205456364409
2025-07-28,0.0008281404470867362,0.9931486860835277
2025-07-29,-0.0012670182494636919,0.991881667834064
2025-07-30,-0.005651879552940402,0.9862297882811236
2025-07-31,0.0018778034576507263,0.9881075917387743
2025-08-01,-0.0002850852586352589,0.987822506480139
2025-08-04,-0.002068406860629632,0.9857540996195094
2025-08-05,0.0028424505215074213,0.9885965501410168
2025-08-06,-0.00031545019189000003,0.9882810999491268
2025-08-07,-0.001455103132204034,0.9868259968169228
2025-08-08,-0.0007054642885280511,0.9861205325283947
2025-08-11,0.0012177402902351017,0.9873382728186298
2025-08-12,0.0008034250807960625,0.9881416978994259
2025-08-13,-0.0010720883164413047,0.9870696095829846
2025-08-14,0.0013320293394003325,0.988401638922385
2025-08-15,0.001205219480971297,0.9896068584033563
2025-08-18,0.0027331218345771537,0.9923399802379334
2025-08-19,-0.001382767908947052,0.9909572123289864
2025-08-20,-0.0006929094559424175,0.9902643028730439
2025-08-21,-1.0486055473819424e-05,0.9902538168175701
2025-08-22,-0.0007934526120743158,0.9894603642054958
2025-08-25,0.002345348166226378,0.9918057123717221
2025-08-26,0.0002733268212363775,0.9920790391929586
2025-08-27,-0.00020413177213833412,0.9918749074208202
2025-08-28,0.00047636108807001077,0.9923512685088902
2025-08-29,-0.0006598295006505548,0.9916914390082396
2025-09-02,-0.00038309283447133456,0.9913083461737683
2025-09-03,0.0008722411261741092,0.9921805872999424
2025-09-04,-0.0003588087192644586,0.991821778580678
2025-09-05,-0.0004873486336470091,0.9913344299470309
2025-09-08,5.031074336821017e-05,0.9913847406903992
2025-09-09,0.000679572732559238,0.9920643134229584
2025-09-10,-0.0007557973879994927,0.991308516034959
2025-09-11,-0.0005308841673205236,0.9907776318676383
2025-09-12,0.001135987847310109,0.9919136197149485
2025-09-15,-0.0006261678705044878,0.991287451844444
2025-09-16,-0.0023083997411151047,0.9889790521033289
2025-09-17,-0.0004119264034362936,0.9885671256998926
2025-09-18,-0.001373249636641755,0.9871938760632508
2025-09-19,0.0008628509392976663,0.9880567270025485
2025-09-22,0.00011710610591305009,0.9881738331084616
2025-09-23,0.00046869215806455384,0.9886425252665262
2025-09-24,0.0005281069853160427,0.9891706322518422
2025-09-25,-0.0014833628877114363,0.9876872693641308
2025-09-26,8.341182781871182e-06,0.9876956105469126
2025-09-29,-0.00022880271311502095,0.9874668078337976
2025-09-30,0.0023955144165397004,0.9898623222503373
2025-10-01,0.0009801554349623133,0.9908424776852996
2025-10-02,-0.00019933479857618861,0.9906431428867234
2025-10-03,-0.00046227265964902356,0.9901808702270744
2025-10-06,-0.0008284277697836094,0.9893524424572908
2025-10-07,-0.0020777036374652674,0.9872747388198255
2025-10-08,-6.991762404878991e-05,0.9872048211957767
2025-10-09,0.0037912368175153,0.990996058013292
2025-10-10,-0.0007405674295336666,0.9902554905837584
2025-10-13,0.0012544324592354604,0.9915099230429938
2025-10-14,-0.0016713747012797394,0.989838548341714
2025-10-15,0.000559763519349396,0.9903983118610635
2025-10-16,0.003130604736550175,0.9935289165976137
2025-10-17,-0.0004138969011740798,0.9931150196964396
2025-10-20,0.0005599146342087167,0.9936749343306482
2025-10-21,0.00016683917142066006,0.9938417735020689
2025-10-22,0.0008734679007039556,0.9947152414027729
2025-10-23,6.886475995804109e-07,0.9947159300503725
2025-10-24,-0.0008396626453476371,0.9938762674050249
2025-10-27,-0.0022472679186816428,0.9916289994863432
2025-10-28,0.0011722632215060993,0.9928012627078493
2025-10-29,-0.005100369941221972,0.9877008927666273
2025-10-30,0.0006920087612112274,0.9883929015278385
2025-10-31,-0.00039769756990813053,0.9879952039579304
2025-11-03,-0.0005235439289658747,0.9874716600289646
2025-11-04,0.0022701922300624755,0.989741852259027
2025-11-05,0.0010033232696635877,0.9907451755286906
2025-11-06,7.863701234230948e-05,0.9908238125410329
2025-11-07,0.0007164351805832925,0.9915402477216162
2025-11-10,-0.0013290171276830992,0.9902112305939331
2025-11-11,-0.0005318975222382208,0.9896793330716949
2025-11-12,0.0004370353919973151,0.9901163684636922
2025-11-13,0.0021173129635861034,0.9922336814272783
2025-11-14,0.0013570095080230747,0.9935906909353014
2025-11-17,-0.0018618767235148183,0.9917288142117866
2025-11-18,-0.0008798191027503132,0.9908489951090362
2025-11-19,0.002881302626807251,0.9937302977358435
2025-11-20,0.0006674920825858375,0.9943977898184293
2025-11-21,0.000726559166023527,0.9951243489844529
2025-11-24,-0.0006874089280448193,0.994436940056408
2025-11-25,-0.00015103345523036823,0.9942859066011777
2025-11-26,-0.0004367774669507145,0.993849129134227
2025-11-28,-0.00020567935943666905,0.9936434497747904
2025-12-01,0.00254967856075039,0.9961931283355407
2025-12-02,-0.0002230577245027797,0.9959700706110379
2025-12-03,-0.0005499665537671008,0.9954201040572708
2025-12-04,8.13838070691096e-05,0.9955014878643399
2025-12-05,0.0004560202157977427,0.9959575080801377
2025-12-08,-0.00011791673684998592,0.9958395913432877
2025-12-09,-0.0003606722694023888,0.9954789190738853
2025-12-10,0.00015801834960316733,0.9956369374234885
2025-12-11,-0.000601826875627272,0.9950351105478612
2025-12-12,0.0013424409291913123,0.9963775514770525
2025-12-15,0.0025358824413785532,0.998913433918431
2025-12-16,-0.001646222820022257,0.9972672110984088
2025-12-17,-0.00018823866772049396,0.9970789724306883
2025-12-18,0.001094215981352773,0.9981731884120411
2025-12-19,-0.0009559482050438738,0.9972172402069972
2025-12-22,0.0003879064532015041,0.9976051466601987
2025-12-23,0.001892123800828719,0.9994972704610274
2025-12-24,0.0009062994958305262,1.0004035699568579
2025-12-26,0.0003955577910263446,1.0007991277478843
2025-12-29,2.9567291495541646e-05,1.0008286950393799
2025-12-30,0.0002164146199129421,1.0010451096592927
2025-12-31,-0.0009640891797402011,1.0000810204795525
